-- phpMyAdmin SQL Dump
-- version 4.6.6deb5
-- https://www.phpmyadmin.net/
--
-- Client :  localhost:3306
-- Généré le :  Lun 06 Juillet 2020 à 05:52
-- Version du serveur :  5.7.30-0ubuntu0.18.04.1
-- Version de PHP :  7.2.24-0ubuntu0.18.04.6

SET SQL_MODE = "NO_AUTO_VALUE_ON_ZERO";
SET time_zone = "+00:00";

--
-- Base de données :  `pturf1`
--

-- --------------------------------------------------------

--
-- Structure de la table `cachedate`
--

CREATE TABLE `cachedate` (
  `id` bigint(12) NOT NULL,
  `comp` int(11) NOT NULL,
  `jour` date NOT NULL,
  `hippo` tinytext NOT NULL,
  `numcourse` bigint(11) NOT NULL,
  `cl` tinytext NOT NULL,
  `dist` smallint(4) NOT NULL,
  `partant` int(11) NOT NULL,
  `typec` enum('Attelé','Haies','Monté','Plat','Steeple-chase','Steeple-chase cross-country') NOT NULL,
  `cheque` varchar(25) NOT NULL,
  `numero` decimal(2,0) NOT NULL,
  `cheval` varchar(255) NOT NULL,
  `sexe` text NOT NULL,
  `age` int(11) NOT NULL,
  `cotedirect` decimal(5,2) NOT NULL,
  `coteprob` decimal(5,2) NOT NULL,
  `recence` int(11) NOT NULL,
  `ecurie` enum('','0','A','B','C','D','E') NOT NULL,
  `distpoids` text,
  `ecar` varchar(15) NOT NULL,
  `redkm` varchar(15) NOT NULL,
  `redkmInt` int(11) NOT NULL,
  `handiecords` text NOT NULL,
  `corde` decimal(2,0) NOT NULL,
  `defoeil` varchar(10) NOT NULL,
  `defoeilPrec` varchar(10) NOT NULL,
  `recul` tinyint(1) DEFAULT '0',
  `gains` varchar(14) NOT NULL,
  `musiquept` varchar(24) NOT NULL,
  `musiqueche` text NOT NULL,
  `m1` int(11) DEFAULT NULL,
  `m2` int(11) DEFAULT NULL,
  `m3` int(11) DEFAULT NULL,
  `m4` int(11) DEFAULT NULL,
  `m5` int(11) DEFAULT NULL,
  `m6` int(11) DEFAULT NULL,
  `jockey` varchar(33) NOT NULL,
  `musiquejoc` text NOT NULL,
  `montesdujockeyjour` varchar(2) NOT NULL,
  `couruejockeyjour` varchar(2) NOT NULL,
  `victoirejockeyjour` varchar(2) NOT NULL,
  `entraineur` varchar(33) NOT NULL,
  `musiqueent` text NOT NULL,
  `monteentraineurjour` smallint(4) NOT NULL,
  `courueentraineurjour` smallint(4) NOT NULL,
  `victoireentraineurjour` smallint(4) NOT NULL,
  `coursescheval` smallint(4) NOT NULL,
  `victoirescheval` smallint(4) NOT NULL,
  `placescheval` smallint(4) NOT NULL,
  `coursesentraineur` smallint(4) NOT NULL,
  `victoiresentraineur` smallint(4) NOT NULL,
  `placeentraineur` smallint(4) NOT NULL,
  `coursesjockey` smallint(4) NOT NULL,
  `victoiresjockey` smallint(4) NOT NULL,
  `placejockey` smallint(4) NOT NULL,
  `dernierhippo` varchar(33) DEFAULT NULL,
  `dernierealloc` varchar(13) DEFAULT NULL,
  `derniernbpartants` varchar(2) DEFAULT NULL,
  `dernieredist` varchar(5) DEFAULT NULL,
  `derniereplace` varchar(10) DEFAULT NULL,
  `dernierecote` decimal(5,2) DEFAULT NULL,
  `dernierJoc` varchar(33) DEFAULT NULL,
  `dernierEnt` varchar(33) DEFAULT NULL,
  `dernierProp` varchar(41) DEFAULT NULL,
  `dernierRedKm` varchar(15) NOT NULL,
  `proprietaire` varchar(41) NOT NULL,
  `nbcoursepropjour` int(11) NOT NULL,
  `poidmont` varchar(6) NOT NULL,
  `pourcVictJock` decimal(5,2) NOT NULL,
  `pourcPlaceJock` decimal(5,2) NOT NULL,
  `pourcVictCheval` decimal(5,2) NOT NULL,
  `pourcPlaceCheval` decimal(5,2) NOT NULL,
  `pourcVictEnt` decimal(5,2) NOT NULL,
  `pourcPlaceEnt` decimal(5,2) NOT NULL,
  `pourcVictEntHippo` decimal(5,2) NOT NULL,
  `pourcVictJockHippo` decimal(5,2) NOT NULL,
  `pourcPlaceEntHippo` decimal(5,2) NOT NULL,
  `pourcPlaceJockHippo` decimal(5,2) NOT NULL,
  `pourcVictChevalHippo` decimal(5,2) NOT NULL,
  `pourcPlaceChevalHippo` decimal(5,2) NOT NULL,
  `nbrCourseJockHippo` smallint(4) NOT NULL,
  `nbrCourseEntHippo` smallint(4) NOT NULL,
  `nbrCourseChevalHippo` smallint(4) NOT NULL,
  `nbCourseCouple` smallint(4) NOT NULL,
  `nbVictCouple` smallint(4) NOT NULL,
  `nbPlaceCouple` smallint(4) NOT NULL,
  `TxVictCouple` decimal(5,2) NOT NULL,
  `TxPlaceCouple` decimal(5,2) NOT NULL,
  `nbCourseCoupleHippo` smallint(4) NOT NULL,
  `nbVictCoupleHippo` smallint(4) NOT NULL,
  `nbPlaceCoupleHippo` smallint(4) NOT NULL,
  `TxVictCoupleHippo` decimal(5,2) NOT NULL,
  `TxPlaceCoupleHippo` decimal(5,2) NOT NULL,
  `pere` varchar(25) NOT NULL,
  `mere` varchar(25) NOT NULL,
  `peremere` varchar(25) NOT NULL,
  `commen` text NOT NULL,
  `gainsCarriere` int(11) NOT NULL,
  `gainsVictoires` int(11) NOT NULL,
  `gainsPlace` int(11) NOT NULL,
  `gainsAnneeEnCours` int(11) NOT NULL,
  `gainsAnneePrecedente` int(11) NOT NULL,
  `jumentPleine` tinyint(1) NOT NULL,
  `engagement` tinyint(1) NOT NULL,
  `handicapDistance` smallint(4) NOT NULL,
  `handicapPoids` smallint(4) NOT NULL,
  `indicateurInedit` tinyint(1) NOT NULL,
  `tempstot` varchar(7) NOT NULL,
  `vha` varchar(5) NOT NULL,
  `recordG` varchar(8) DEFAULT NULL,
  `recordGint` int(11) NOT NULL,
  `txreclam` varchar(5) NOT NULL,
  `dernierTxreclam` varchar(5) NOT NULL,
  `createdat` timestamp NOT NULL DEFAULT CURRENT_TIMESTAMP ON UPDATE CURRENT_TIMESTAMP,
  `updatedat` timestamp NOT NULL DEFAULT CURRENT_TIMESTAMP,
  `rangTxVictJock` int(11) NOT NULL,
  `rangTxVictCheval` int(11) NOT NULL,
  `rangTxVictEnt` int(11) NOT NULL,
  `rangTxPlaceJock` int(11) NOT NULL,
  `rangTxPlaceCheval` int(11) NOT NULL,
  `rangTxPlaceEnt` int(11) NOT NULL,
  `rangRecordG` int(11) NOT NULL,
  `appetTerrain` smallint(6) NOT NULL COMMENT 'Return 0 si cheval jamais couru sur ce type de piste / Return 1 s''il a déjà fait dans les 4 premiers / Return 2 s''il a déjà couru mais n''est pas arrivé dans les 4 premiers / Return 10 si type de piste non trouvé'
) ENGINE=InnoDB DEFAULT CHARSET=utf8;

-- --------------------------------------------------------

--
-- Structure de la table `caractrap`
--

CREATE TABLE `caractrap` (
  `id` bigint(11) NOT NULL,
  `comp` int(11) NOT NULL,
  `jour` varchar(255) DEFAULT NULL,
  `heure` time DEFAULT NULL,
  `hippo` varchar(255) DEFAULT NULL,
  `reun` varchar(255) DEFAULT NULL,
  `prix` double DEFAULT NULL,
  `prixnom` varchar(255) DEFAULT NULL,
  `meteo` varchar(255) DEFAULT NULL,
  `typec` varchar(255) DEFAULT NULL,
  `partant` varchar(255) DEFAULT NULL,
  `handi` varchar(255) DEFAULT NULL,
  `reclam` varchar(255) DEFAULT NULL,
  `dist` varchar(255) DEFAULT NULL,
  `groupe` varchar(255) DEFAULT NULL,
  `sex` varchar(255) DEFAULT NULL,
  `corde` varchar(255) DEFAULT NULL,
  `age` varchar(255) DEFAULT NULL,
  `autos` varchar(255) DEFAULT NULL,
  `cheque` varchar(255) DEFAULT NULL,
  `europ` varchar(255) DEFAULT NULL,
  `quinte` double DEFAULT NULL,
  `natpis` varchar(255) DEFAULT NULL,
  `amat` varchar(255) DEFAULT NULL,
  `courseabc` varchar(255) DEFAULT NULL,
  `pistegp` varchar(255) DEFAULT NULL,
  `arriv` varchar(255) DEFAULT NULL,
  `lice` varchar(255) DEFAULT NULL,
  `temperature` int(11) DEFAULT NULL,
  `forceVent` int(11) DEFAULT NULL,
  `directionVent` varchar(6) NOT NULL,
  `nebulositeLibelleCourt` mediumtext NOT NULL,
  `condi` varchar(255) DEFAULT NULL,
  `url` mediumtext NOT NULL,
  `tempscourse` mediumtext NOT NULL,
  `updatedAt` timestamp NULL DEFAULT NULL,
  `createdAt` timestamp NULL DEFAULT CURRENT_TIMESTAMP
) ENGINE=InnoDB DEFAULT CHARSET=utf8;

-- --------------------------------------------------------

--
-- Structure de la table `hippo`
--

CREATE TABLE `hippo` (
  `id` int(11) NOT NULL,
  `hippo` varchar(255) NOT NULL,
  `pays` int(11) NOT NULL,
  `trot` int(11) NOT NULL,
  `obstacle` int(11) NOT NULL,
  `plat` int(11) NOT NULL,
  `corde` int(11) NOT NULL
) ENGINE=InnoDB DEFAULT CHARSET=latin1;

--
-- Contenu de la table `hippo`
--

INSERT INTO `hippo` (`id`, `hippo`, `pays`, `trot`, `obstacle`, `plat`, `corde`) VALUES
(1, 'Aalborg', 11, 8, 0, 0, 13),
(2, 'Abbeville', 15, 4, 0, 0, 13),
(3, 'Aby', 31, 8, 0, 0, 13),
(4, 'Addington Raceway', 24, 9, 0, 0, 13),
(5, 'Agen', 15, 1, 4, 4, 12),
(6, 'Agon-Coutainville', 15, 4, 0, 0, 13),
(7, 'Aintree', 28, 0, 3, 3, 13),
(8, 'Aix-les-Bains', 15, 4, 4, 4, 12),
(9, 'Ajaccio', 15, 4, 0, 4, 12),
(10, 'Albany', 5, 0, 0, 3, 13),
(11, 'Alençon', 15, 4, 0, 0, 12),
(12, 'Alexandra Park', 24, 2, 0, 0, 12),
(13, 'Amal', 31, 2, 0, 0, 13),
(14, 'Amiens', 15, 7, 0, 4, 12),
(15, 'Angers', 15, 8, 4, 4, 12),
(16, 'Angoulême', 15, 10, 4, 4, 12),
(17, 'Aqueduct', 13, 0, 0, 9, 13),
(18, 'Argentan', 15, 8, 4, 4, 12),
(19, 'Arjang', 31, 2, 0, 0, 13),
(20, 'Arras', 15, 4, 0, 4, 12),
(21, 'Ascot', 28, 0, 3, 3, 12),
(22, 'Auch', 15, 8, 0, 4, 12),
(23, 'Aurillac', 15, 4, 4, 4, 12),
(24, 'Auteuil', 15, 0, 4, 0, 13),
(25, 'Avenches', 32, 10, 3, 3, 13),
(26, 'Avenches', 32, 10, 3, 3, 13),
(27, 'Avignon', 15, 4, 0, 4, 13),
(28, 'Avranches', 15, 4, 4, 4, 13),
(29, 'Axevalla', 31, 2, 0, 0, 13),
(30, 'Ayr', 28, 0, 3, 3, 13),
(31, 'Bacqueville-en-Caux', 15, 4, 0, 0, 13),
(32, 'Bad Doberan', 2, 0, 3, 3, 12),
(33, 'Bad Harzburg', 2, 0, 3, 3, 12),
(34, 'Baden', 6, 8, 0, 0, 13),
(35, 'Baden-Baden', 2, 0, 3, 3, 13),
(36, 'Bagnères-de-Luchon Saint-Gaudens', 15, 4, 4, 4, 13),
(37, 'Bagnoles-de-l\'Orne', 15, 4, 4, 0, 12),
(38, 'Ballarat', 5, 8, 0, 0, 13),
(39, 'Bath', 28, 0, 0, 3, 13),
(40, 'Beaumont-de-Lomagne', 15, 10, 0, 10, 12),
(41, 'Beaupréau', 15, 4, 4, 4, 13),
(42, 'Belmont Park', 5, 0, 0, 3, 13),
(43, 'Belmont Park', 13, 0, 1, 1, 13),
(44, 'Bendigo', 5, 8, 0, 0, 13),
(45, 'Berck-sur-Mer', 15, 4, 0, 0, 12),
(46, 'Bergen', 23, 2, 0, 0, 13),
(47, 'Bergsaker', 31, 8, 0, 0, 13),
(48, 'Berlin-Hoppegarten', 2, 0, 0, 3, 12),
(49, 'Berlin-Mariendorf', 2, 8, 0, 0, 12),
(50, 'Bernay', 15, 4, 0, 0, 12),
(51, 'Beverley', 28, 0, 3, 3, 12),
(52, 'Biarritz', 15, 8, 0, 0, 12),
(53, 'Biguglia', 15, 4, 0, 4, 12),
(54, 'Bihorel-les-Rouen', 15, 8, 0, 0, 12),
(55, 'Billund', 11, 2, 0, 0, 13),
(56, 'Biri', 23, 2, 0, 0, 13),
(57, 'Bjerke', 23, 5, 0, 0, 13),
(58, 'Blain-Bouvron-Le Gavre', 15, 4, 4, 4, 12),
(59, 'Boden', 31, 2, 0, 0, 13),
(60, 'Bollène', 15, 4, 0, 0, 12),
(61, 'Bollnas', 31, 7, 0, 0, 13),
(62, 'Bologne', 19, 2, 0, 0, 13),
(63, 'Bordeaux - Le Bouscat', 15, 8, 4, 4, 12),
(64, 'Bourigny', 15, 4, 0, 0, 13),
(65, 'Bréhal', 15, 4, 4, 4, 12),
(66, 'Bremen', 2, 0, 3, 3, 12),
(67, 'Brighton', 28, 0, 0, 3, 13),
(68, 'Bro Park', 31, 0, 0, 8, 13),
(69, 'Bunbury', 5, 0, 0, 4, 13),
(70, 'Cabourg', 15, 8, 0, 0, 12),
(71, 'Caen', 15, 8, 0, 0, 12),
(72, 'Cagnes-sur-Mer', 15, 7, 4, 8, 13),
(73, 'Cagnes-sur-Mer', 15, 0, 3, 3, 13),
(74, 'Carcassonne', 15, 4, 4, 4, 12),
(75, 'Carentan', 15, 4, 0, 0, 13),
(76, 'Carhaix', 15, 4, 4, 0, 12),
(77, 'Carlisle', 28, 0, 3, 3, 12),
(78, 'Carpentras', 15, 4, 0, 4, 12),
(79, 'Cartmel', 28, 0, 3, 3, 13),
(80, 'Casablanca', 22, 0, 8, 8, 13),
(81, 'Castelsarrasin', 15, 8, 0, 8, 12),
(82, 'Castera-Verduzan', 15, 0, 4, 4, 12),
(83, 'Castillonnès', 15, 7, 0, 0, 12),
(84, 'Catterick', 28, 0, 0, 3, 13),
(85, 'Cavaillon', 15, 7, 0, 4, 12),
(86, 'Cazaubon Barbotan-les-Thermes', 15, 4, 4, 4, 12),
(87, 'Chalais', 15, 4, 0, 0, 13),
(88, 'Challans', 15, 8, 0, 0, 12),
(89, 'Châlons-en-Champagne', 15, 4, 4, 4, 13),
(90, 'Champ de Mars', 17, 0, 3, 3, 12),
(91, 'Chantilly', 15, 0, 0, 4, 12),
(92, 'Chantilly', 15, 0, 0, 4, 13),
(93, 'Charlottenlund', 11, 2, 0, 0, 13),
(94, 'Charroux', 15, 4, 0, 0, 12),
(95, 'Chartres', 15, 8, 0, 0, 13),
(96, 'Château-du-Loir', 15, 4, 0, 0, 13),
(97, 'Château-Gontier', 15, 4, 4, 4, 12),
(98, 'Châteaubriant', 15, 8, 4, 4, 12),
(99, 'Châteauroux', 15, 4, 4, 4, 12),
(100, 'Chatelaillon-La Rochelle', 15, 1, 0, 8, 13),
(101, 'Chatillon-sur-Chalaronne', 15, 4, 4, 4, 13),
(102, 'Chelmsford', 28, 0, 9, 9, 13),
(103, 'Cheltenham', 28, 0, 3, 3, 13),
(104, 'Chepstow', 28, 0, 3, 3, 13),
(105, 'Cherbourg', 15, 10, 0, 0, 13),
(106, 'Chile', 9, 0, 1, 1, 13),
(107, 'Chinon', 15, 4, 4, 4, 12),
(108, 'Cholet', 15, 8, 4, 4, 12),
(109, 'Churchill Downs', 13, 0, 0, 3, 13),
(110, 'Clairefontaine-Deauville', 15, 4, 4, 4, 12),
(111, 'Clairwood', 1, 0, 3, 3, 13),
(112, 'Clonmel', 18, 0, 3, 0, 12),
(113, 'Cluny', 15, 4, 4, 4, 13),
(114, 'Cologne', 2, 0, 3, 3, 12),
(115, 'Combrée', 15, 4, 4, 0, 13),
(116, 'Compiègne', 15, 4, 4, 4, 13),
(117, 'Concepcion', 9, 0, 0, 1, 12),
(118, 'Cordemais', 15, 8, 0, 0, 13),
(119, 'Corlay', 15, 0, 4, 4, 12),
(120, 'Cranbourne', 5, 0, 3, 3, 12),
(121, 'Craon', 15, 4, 4, 4, 12),
(122, 'Curragh', 18, 0, 3, 3, 12),
(123, 'Dannero', 31, 2, 0, 0, 13),
(124, 'Dax', 15, 0, 4, 4, 12),
(125, 'Deauville', 15, 0, 8, 4, 12),
(126, 'Del Mar', 13, 0, 0, 3, 13),
(127, 'Dieppe', 15, 4, 4, 4, 12),
(128, 'Dinan', 15, 4, 4, 4, 12),
(129, 'Dinslaken', 2, 8, 0, 0, 13),
(130, 'Divonne-les-Bains', 15, 7, 4, 4, 13),
(131, 'Doha - Al Rayyan', 26, 0, 3, 3, 12),
(132, 'Domfront', 15, 4, 0, 0, 12),
(133, 'Doncaster', 28, 0, 3, 3, 13),
(134, 'Dortmund', 2, 0, 9, 9, 12),
(135, 'Dozule', 15, 4, 0, 0, 12),
(136, 'Dresden', 2, 0, 3, 3, 12),
(137, 'Dreux', 15, 4, 0, 0, 13),
(138, 'Duindigt', 25, 7, 0, 0, 13),
(139, 'Dundalk', 18, 9, 0, 0, 13),
(140, 'Durbanville', 1, 0, 3, 3, 12),
(141, 'Durtal', 15, 4, 4, 4, 12),
(142, 'Düsseldorf', 2, 0, 3, 3, 12),
(143, 'Eauze', 15, 4, 0, 0, 13),
(144, 'Echuca', 5, 8, 0, 0, 13),
(145, 'Ecommoy', 15, 4, 4, 4, 12),
(146, 'Elbeuf', 15, 10, 0, 0, 13),
(147, 'Enghien', 15, 8, 4, 0, 13),
(148, 'Enghien', 15, 8, 4, 0, 13),
(149, 'Epsom', 28, 0, 3, 3, 13),
(150, 'Erbray', 15, 4, 4, 4, 12),
(151, 'Eskilstuna', 31, 8, 0, 0, 13),
(152, 'Évreux', 15, 4, 0, 4, 12),
(153, 'Évry', 15, 0, 4, 4, 13),
(154, 'Exeter', 28, 0, 3, 0, 12),
(155, 'Fairview', 1, 0, 3, 3, 12),
(156, 'Fairyhouse', 18, 0, 3, 3, 12),
(157, 'Farjestad', 31, 2, 0, 0, 13),
(158, 'Feurs', 15, 8, 0, 0, 13),
(159, 'Flamingo Park', 13, 0, 9, 9, 12),
(160, 'Fleurance', 15, 4, 0, 0, 12),
(161, 'Fontainebleau', 15, 0, 4, 4, 12),
(162, 'Forus', 23, 8, 0, 0, 13),
(163, 'Fougères', 15, 4, 0, 0, 12),
(164, 'Francfort', 2, 0, 3, 3, 13),
(165, 'Francheville', 15, 4, 0, 0, 13),
(166, 'Frauenfeld', 32, 0, 3, 3, 12),
(167, 'Gabarret', 15, 4, 0, 4, 13),
(168, 'Gavea', 8, 0, 0, 1, 13),
(169, 'Gavle', 31, 2, 0, 0, 13),
(170, 'Geelong', 5, 8, 0, 0, 13),
(171, 'Gelsenkirchen', 2, 8, 0, 0, 12),
(172, 'Gémozac', 15, 4, 4, 4, 12),
(173, 'Genets', 15, 4, 0, 0, 12),
(174, 'Geraldton', 5, 0, 0, 3, 13),
(175, 'Golden-Gate', 13, 0, 0, 1, 13),
(176, 'Goodwood', 28, 0, 3, 3, 12),
(177, 'Gournay-en-Bray', 15, 1, 0, 0, 12),
(178, 'Gowran Park', 18, 0, 3, 3, 12),
(179, 'Graignes', 15, 10, 0, 0, 13),
(180, 'Gramat', 15, 4, 4, 4, 12),
(181, 'Granville', 15, 4, 4, 4, 12),
(182, 'Grenade-sur-Garonne', 15, 8, 0, 0, 13),
(183, 'Greyville', 1, 0, 3, 3, 13),
(184, 'Guemene-Penfao', 15, 4, 4, 4, 12),
(185, 'Guer-Coëtquidan', 15, 4, 0, 4, 13),
(186, 'Guerlesquin', 15, 4, 0, 8, 12),
(187, 'Guingamp', 15, 4, 4, 4, 12),
(188, 'Gulfstream Park', 13, 0, 0, 3, 13),
(189, 'Hagmyren', 31, 2, 0, 0, 13),
(190, 'Halmstad', 31, 2, 0, 0, 13),
(191, 'Hambourg Bahrenfeld', 2, 8, 0, 0, 13),
(192, 'Hambourg Horn', 2, 0, 3, 3, 12),
(193, 'Hambourg Horn', 2, 4, 0, 0, 12),
(194, 'Hanovre', 2, 0, 0, 3, 13),
(195, 'Hanovre', 2, 0, 3, 3, 13),
(196, 'Happy Valley', 16, 0, 0, 3, 12),
(197, 'Harstad', 23, 2, 0, 0, 13),
(198, 'Haydock', 28, 0, 3, 3, 13),
(199, 'Hexham', 28, 0, 3, 0, 13),
(200, 'Hobart', 5, 8, 0, 0, 13),
(201, 'Hyères', 15, 4, 4, 4, 12),
(202, 'Issigeac', 15, 4, 0, 8, 12),
(203, 'Jägersro', 31, 2, 0, 0, 13),
(204, 'Jallais', 15, 4, 4, 4, 13),
(205, 'Jarlsberg', 23, 2, 0, 0, 13),
(206, 'Jarnac', 15, 4, 4, 4, 12),
(207, 'Josselin', 15, 4, 4, 4, 13),
(208, 'Jullianges', 15, 10, 0, 0, 12),
(209, 'Jullouville', 15, 8, 0, 0, 12),
(210, 'Kalgoorlie', 5, 0, 0, 3, 13),
(211, 'Kalmar', 31, 2, 0, 0, 13),
(212, 'Karlovy Vary', 27, 0, 0, 3, 12),
(213, 'Karlshorst', 2, 8, 0, 0, 12),
(214, 'Keeneland', 13, 0, 0, 1, 13),
(215, 'Kelso', 28, 0, 3, 3, 13),
(216, 'Kempton', 28, 0, 3, 3, 12),
(217, 'Kenilworth', 1, 0, 3, 3, 13),
(218, 'Kilmore', 5, 8, 0, 0, 13),
(219, 'Kouvola', 14, 8, 0, 0, 13),
(220, 'Kranji', 29, 0, 9, 9, 13),
(221, 'Krefeld', 2, 0, 3, 3, 12),
(222, 'Kuurne', 7, 9, 0, 0, 13),
(223, 'L\'Isle-sur-La Sorgue', 15, 4, 0, 4, 12),
(224, 'La Capelle', 15, 7, 0, 0, 13),
(225, 'La Chartre-sur-le-Loir', 15, 4, 0, 0, 13),
(226, 'La Clayette', 15, 4, 0, 0, 12),
(227, 'La Gacilly', 15, 4, 4, 4, 12),
(228, 'La Guerche-de-Bretagne', 15, 4, 0, 0, 12),
(229, 'La Plata', 4, 0, 3, 3, 13),
(230, 'La Réole', 15, 4, 0, 0, 12),
(231, 'La Roche-Posay', 15, 4, 4, 4, 13),
(232, 'La Roche-sur-Yon', 15, 4, 4, 4, 13),
(233, 'La Teste', 15, 0, 4, 4, 12),
(234, 'Landivisiau', 15, 4, 4, 4, 12),
(235, 'Langon-Libourne', 15, 4, 4, 4, 13),
(236, 'Lannemezan', 15, 4, 0, 4, 12),
(237, 'Laon', 15, 1, 0, 0, 13),
(238, 'Las Piedras', 34, 0, 1, 1, 13),
(239, 'Launceston Tasmania', 5, 0, 3, 3, 13),
(240, 'Laurel Park', 13, 0, 0, 1, 13),
(241, 'Laval', 15, 8, 0, 0, 13),
(242, 'Le Croisé-Laroche', 15, 1, 0, 4, 13),
(243, 'Le Dorat', 15, 4, 4, 4, 12),
(244, 'Le Grand-Fougeray', 15, 4, 4, 4, 12),
(245, 'Le Lion-d\'Angers', 15, 4, 4, 4, 13),
(246, 'Le Mans', 15, 8, 0, 4, 13),
(247, 'Le Mont-Saint-Michel', 15, 10, 0, 0, 12),
(248, 'Le Neubourg', 15, 4, 0, 0, 13),
(249, 'Le Pertre', 15, 4, 4, 0, 13),
(250, 'Le Pin-au-Haras', 15, 0, 3, 3, 12),
(251, 'Le Pin-au-Haras', 15, 4, 4, 0, 12),
(252, 'Le Sap', 15, 4, 0, 0, 12),
(253, 'Le Touquet', 15, 4, 4, 4, 12),
(254, 'Leangen', 23, 8, 0, 0, 13),
(255, 'Leicester', 28, 0, 0, 3, 12),
(256, 'Leipzig', 2, 0, 0, 3, 12),
(257, 'Leopardstown', 18, 3, 3, 3, 13),
(258, 'Les Andelys', 15, 4, 0, 0, 13),
(259, 'Les Sables-d\'Olonne', 15, 8, 4, 4, 13),
(260, 'Lesparre', 15, 4, 0, 0, 12),
(261, 'Lignières', 15, 7, 4, 4, 13),
(262, 'Lignières', 18, 0, 0, 3, 12),
(263, 'Limoges', 15, 7, 4, 4, 12),
(264, 'Lindesberg', 31, 2, 0, 0, 13),
(265, 'Lingfield', 28, 0, 9, 9, 13),
(266, 'Lingfield', 28, 0, 9, 9, 13),
(267, 'Lisieux', 15, 7, 0, 4, 12),
(268, 'Longchamp', 15, 0, 0, 4, 12),
(269, 'Loudéac', 15, 4, 4, 4, 12),
(270, 'Luçon', 15, 4, 0, 0, 13),
(271, 'Luxé', 15, 4, 0, 0, 12),
(272, 'Lyon-La Soie', 15, 7, 0, 9, 12),
(273, 'Lyon-La Soie', 15, 7, 0, 9, 12),
(274, 'Lyon-Parilly', 15, 7, 4, 4, 13),
(275, 'Machecoul', 15, 8, 4, 4, 13),
(276, 'Magdeburg', 2, 0, 3, 3, 12),
(277, 'Maisons-Laffitte', 15, 0, 0, 4, 13),
(278, 'Mamers', 15, 4, 0, 0, 13),
(279, 'Mannheim', 2, 0, 0, 3, 12),
(280, 'Mansle', 15, 4, 0, 0, 13),
(281, 'Mantorp', 31, 2, 0, 0, 13),
(282, 'Maronas', 34, 0, 1, 1, 13),
(283, 'Marsa', 21, 8, 0, 0, 13),
(284, 'Marseille-Borély', 15, 7, 4, 4, 13),
(285, 'Marseille-Vivaux', 15, 7, 0, 4, 13),
(286, 'Mauquenchy', 15, 8, 0, 0, 13),
(287, 'Maure-de-Bretagne', 15, 10, 4, 0, 13),
(288, 'Mauron', 15, 4, 4, 4, 13),
(289, 'Meadowlands', 13, 5, 0, 0, 13),
(290, 'Melton', 5, 8, 0, 0, 13),
(291, 'Menangle', 5, 8, 0, 0, 12),
(292, 'Méral', 15, 4, 4, 0, 13),
(293, 'Merano', 19, 0, 4, 4, 12),
(294, 'Meslay-du-Maine', 15, 0, 4, 0, 12),
(295, 'Mikkeli', 14, 2, 0, 0, 13),
(296, 'Miramont-de-Guyenne', 15, 4, 0, 0, 12),
(297, 'Molières', 15, 4, 4, 4, 12),
(298, 'Momarken', 23, 7, 0, 0, 13),
(299, 'Mondoubleau', 15, 4, 0, 0, 12),
(300, 'Monflanquin', 15, 4, 0, 0, 12),
(301, 'Monpazier', 15, 4, 0, 0, 12),
(302, 'Mons', 7, 2, 9, 9, 13),
(303, 'Mont-de-Marsan', 15, 0, 4, 4, 12),
(304, 'Montauban', 15, 8, 4, 4, 12),
(305, 'Montier-en-Der', 15, 4, 0, 4, 12),
(306, 'Montignac', 15, 4, 0, 4, 13),
(307, 'Montluçon-Néris-les-Bains', 15, 4, 4, 4, 12),
(308, 'Montmirail', 15, 4, 4, 4, 12),
(309, 'Moonee Valley', 5, 0, 0, 3, 13),
(310, 'Morlaix', 15, 4, 4, 4, 13),
(311, 'Morphettville', 5, 0, 0, 3, 13),
(312, 'Most', 27, 0, 0, 3, 12),
(313, 'Moulins', 15, 4, 4, 4, 12),
(314, 'Moulins-la-Marche', 15, 4, 0, 0, 13),
(315, 'Mülheim', 2, 0, 3, 3, 12),
(316, 'Musselburgh', 28, 0, 0, 3, 12),
(317, 'Naas', 18, 0, 0, 3, 13),
(318, 'Nancy', 15, 1, 4, 4, 12),
(319, 'Nantes', 15, 8, 4, 4, 13),
(320, 'Naples', 19, 2, 0, 0, 13),
(321, 'Navan', 18, 0, 0, 3, 13),
(322, 'Neuillé-Pont-Pierre', 15, 10, 0, 0, 13),
(323, 'Neuss', 2, 0, 9, 9, 12),
(324, 'Newbury', 28, 0, 3, 3, 13),
(325, 'Newcastle', 28, 0, 3, 3, 13),
(326, 'Newmarket', 28, 0, 3, 3, 12),
(327, 'Newmarket', 28, 0, 3, 3, 12),
(328, 'Newton Abbot', 28, 0, 3, 0, 13),
(329, 'Nîmes', 15, 4, 4, 4, 12),
(330, 'Niort', 15, 4, 4, 4, 12),
(331, 'Nort-sur-Erdre', 15, 4, 4, 4, 13),
(332, 'Nottingham', 28, 0, 3, 3, 13),
(333, 'Nouméa', 15, 0, 0, 3, 13),
(334, 'Nuillé-sur-Vicoin', 15, 4, 4, 4, 13),
(335, 'Odense', 11, 8, 0, 0, 13),
(336, 'Oraison', 15, 4, 0, 4, 12),
(337, 'Orebro', 31, 2, 0, 0, 13),
(338, 'Orléans', 15, 4, 4, 4, 13),
(339, 'Ostende', 7, 3, 3, 3, 12),
(340, 'Ostersund', 31, 2, 0, 0, 13),
(341, 'Pakenham', 5, 0, 0, 3, 13),
(342, 'Paray-le-Monial', 15, 1, 4, 4, 12),
(343, 'Pardubice', 27, 0, 3, 0, 12),
(344, 'Pau', 15, 0, 4, 8, 12),
(345, 'Perth', 28, 0, 3, 3, 12),
(346, 'Perth Ascot', 5, 0, 0, 3, 12),
(347, 'Pimlico', 13, 0, 1, 1, 13),
(348, 'Pinjarra Park', 5, 0, 0, 3, 13),
(349, 'Plessé', 15, 4, 4, 4, 13),
(350, 'Plestin-les-Grèves', 15, 8, 0, 8, 12),
(351, 'Ploërmel', 15, 4, 4, 4, 12),
(352, 'Ploubalay', 15, 8, 0, 0, 13),
(353, 'Plouescat', 15, 8, 0, 8, 12),
(354, 'Pompadour', 15, 0, 4, 8, 12),
(355, 'Pontchâteau', 15, 8, 4, 0, 13),
(356, 'Pontivy', 15, 4, 4, 4, 12),
(357, 'Pornichet', 15, 8, 0, 4, 13),
(358, 'Portbail', 15, 4, 0, 0, 12),
(359, 'Prunelli-di-Fiumorbo', 15, 4, 0, 4, 13),
(360, 'Punchestown', 18, 0, 3, 3, 12),
(361, 'Questembert', 15, 8, 4, 4, 12),
(362, 'Rambouillet', 15, 4, 0, 0, 13),
(363, 'Rânes', 15, 4, 0, 0, 12),
(364, 'Rattvik', 31, 2, 0, 0, 13),
(365, 'Redcar', 28, 0, 0, 3, 13),
(366, 'Redcliffe', 5, 8, 0, 0, 13),
(367, 'Redon', 15, 4, 0, 4, 12),
(368, 'Reims', 15, 8, 0, 0, 12),
(369, 'Richelieu', 15, 4, 0, 0, 12),
(370, 'Rochefort-sur-Loire', 15, 4, 4, 4, 12),
(371, 'Rome', 19, 2, 0, 0, 12),
(372, 'Romme', 31, 2, 0, 0, 13),
(373, 'Roscommon', 18, 0, 3, 3, 12),
(374, 'Rostrenen', 15, 4, 4, 4, 12),
(375, 'Royan-la Palmyre', 15, 4, 4, 4, 12),
(376, 'Saarbrcken', 2, 0, 0, 3, 13),
(377, 'Sablé-sur-Sarthe', 15, 4, 4, 4, 13),
(378, 'Saint-Brieuc', 15, 8, 4, 4, 12),
(379, 'Saint-Cloud', 15, 0, 0, 4, 13),
(380, 'Saint-Galmier', 15, 7, 4, 4, 12),
(381, 'Saint-Jean-de-Monts', 15, 4, 4, 4, 12),
(382, 'Saint-Malo', 15, 8, 4, 4, 12),
(383, 'Saint-Moritz', 32, 6, 6, 6, 12),
(384, 'Saint-Omer', 15, 1, 0, 0, 13),
(385, 'Saint-Ouen-des-Toits', 15, 4, 0, 0, 12),
(386, 'Saint-Pierre-la-Cour', 15, 0, 4, 4, 12),
(387, 'Saint-Pierre-sur-Dives', 15, 4, 0, 0, 12),
(388, 'Sainte-Marie-du-Mont', 15, 8, 0, 0, 13),
(389, 'Salisbury', 28, 0, 3, 3, 12),
(390, 'Salon-de-Provence', 15, 7, 0, 4, 12),
(391, 'San Isidro', 4, 0, 3, 3, 13),
(392, 'San Sebastian', 12, 0, 3, 3, 12),
(393, 'Sandown', 28, 0, 3, 3, 12),
(394, 'Sandown', 28, 0, 0, 3, 12),
(395, 'Santa Anita', 13, 0, 1, 1, 13),
(396, 'Santiago', 9, 0, 8, 8, 12),
(397, 'Saratoga', 13, 0, 0, 9, 13),
(398, 'Sault', 15, 4, 0, 0, 12),
(399, 'Saumur-Verrie', 15, 4, 4, 4, 13),
(400, 'Savenay', 15, 4, 0, 4, 12),
(401, 'Savigny-sur-Braye', 15, 4, 0, 0, 13),
(402, 'Scottsville', 1, 0, 3, 3, 12),
(403, 'Segré', 15, 4, 4, 4, 13),
(404, 'Seiches-sur-le-Loir', 15, 4, 4, 4, 12),
(405, 'Seinajoki', 14, 2, 0, 0, 13),
(406, 'Senonnes-Pouancé', 15, 4, 4, 4, 12),
(407, 'Séoul', 10, 0, 8, 8, 12),
(408, 'Sha Tin', 16, 0, 3, 3, 12),
(409, 'Shepparton', 5, 8, 0, 0, 13),
(410, 'Sillé-le-Guillaume', 15, 4, 4, 4, 12),
(411, 'Singapour', 29, 0, 3, 3, 13),
(412, 'Skelleftea', 31, 2, 0, 0, 13),
(413, 'Skive', 11, 2, 0, 0, 13),
(414, 'Solanget', 31, 2, 0, 0, 13),
(415, 'Solvalla', 31, 2, 0, 0, 13),
(416, 'Son Pardo - Majorque', 12, 8, 0, 0, 13),
(417, 'Southwell', 28, 0, 9, 9, 13),
(418, 'Strasbourg', 15, 1, 4, 4, 12),
(419, 'Straubing', 2, 8, 0, 0, 13),
(420, 'Sunshine Coast', 5, 0, 0, 3, 12),
(421, 'Tampa Bay Downs', 13, 0, 0, 3, 13),
(422, 'Tarbes', 15, 0, 0, 4, 12),
(423, 'Taunton', 28, 0, 3, 3, 12),
(424, 'Thouars', 15, 4, 0, 0, 13),
(425, 'Tipperary', 18, 0, 3, 3, 13),
(426, 'Tokyo', 20, 0, 3, 3, 13),
(427, 'Tongres', 7, 2, 0, 0, 13),
(428, 'Toowoomba', 5, 0, 0, 3, 13),
(429, 'Toulouse', 15, 8, 4, 4, 12),
(430, 'Tours-Chambray', 15, 4, 4, 4, 12),
(431, 'Trie-sur-Baïse', 15, 4, 0, 0, 13),
(432, 'Turffontein', 1, 0, 3, 3, 12),
(433, 'Turin', 19, 8, 0, 0, 13),
(434, 'Umaker', 31, 2, 0, 0, 13),
(435, 'Vaal', 1, 0, 3, 3, 12),
(436, 'Vaggeryd', 31, 2, 0, 0, 13),
(437, 'Valence-sur-Baïse', 15, 4, 0, 0, 12),
(438, 'Valognes', 15, 4, 0, 0, 13),
(439, 'Valparaiso', 9, 0, 3, 3, 13),
(440, 'Vannes', 15, 4, 0, 4, 12),
(441, 'Veliefendi', 33, 0, 3, 3, 12),
(442, 'Vermo', 14, 8, 0, 0, 13),
(443, 'Vernon Downs', 15, 4, 4, 4, 13),
(444, 'Vertou', 15, 4, 4, 4, 12),
(445, 'Vesoul', 15, 4, 4, 4, 13),
(446, 'Vibraye', 15, 4, 0, 0, 12),
(447, 'Vic-Fezensac', 15, 4, 0, 4, 12),
(448, 'Vichy', 15, 7, 4, 4, 12),
(449, 'Vichy', 15, 7, 4, 3, 12),
(450, 'Vienne Krieau', 6, 8, 0, 0, 13),
(451, 'Villedieu-les-Poêles', 15, 10, 0, 0, 12),
(452, 'Villeneuve-sur-Lot', 15, 4, 0, 0, 12),
(453, 'Villeréal', 15, 4, 0, 0, 12),
(454, 'Vincennes', 15, 1, 0, 0, 13),
(455, 'Vire', 15, 10, 4, 4, 12),
(456, 'Visby', 31, 2, 0, 0, 13),
(457, 'Vitré', 15, 4, 4, 0, 12),
(458, 'Vitteaux', 15, 4, 0, 4, 12),
(459, 'Vittel', 15, 4, 4, 4, 12),
(460, 'Waregem', 7, 2, 3, 3, 12),
(461, 'Warwick', 28, 0, 3, 0, 13),
(462, 'Will Rogers Downs', 13, 0, 0, 1, 13),
(463, 'Windsor', 28, 0, 3, 3, 12),
(464, 'Wissembourg', 15, 0, 4, 4, 13),
(465, 'Wolvega', 25, 8, 0, 0, 13),
(466, 'Wolverhampton', 28, 0, 9, 9, 13),
(467, 'Worcester', 28, 0, 3, 3, 13),
(468, 'Yarmouth', 28, 0, 3, 3, 13),
(469, 'Yonkers-New York', 13, 2, 0, 0, 13),
(470, 'York', 28, 0, 3, 3, 13),
(471, 'Zonza', 15, 4, 4, 0, 12);

-- --------------------------------------------------------

--
-- Structure de la table `pays`
--

CREATE TABLE `pays` (
  `id` int(11) NOT NULL,
  `Pays` varchar(255) NOT NULL
) ENGINE=InnoDB DEFAULT CHARSET=latin1;

--
-- Contenu de la table `pays`
--

INSERT INTO `pays` (`id`, `Pays`) VALUES
(1, 'Afrique Du Sud'),
(2, 'Allemagne'),
(3, 'Argentine'),
(4, 'Argentine'),
(5, 'Australie'),
(6, 'Autriche'),
(7, 'Belgique'),
(8, 'Brésil'),
(9, 'Chili'),
(10, 'Corée Du Sud'),
(11, 'Danemark'),
(12, 'Espagne'),
(13, 'Etats-Unis'),
(14, 'Finlande'),
(15, 'France'),
(16, 'Hong-Kong'),
(17, 'Ile Maurice'),
(18, 'Irlande'),
(19, 'Italie'),
(20, 'Japon'),
(21, 'Malte'),
(22, 'Maroc'),
(23, 'Norvège'),
(24, 'Nouvelle-Zélande'),
(25, 'Pays-Bas'),
(26, 'Quatar'),
(27, 'République Tchèque'),
(28, 'Royaume-Uni'),
(29, 'Singapour'),
(30, 'Suède'),
(31, 'Suède'),
(32, 'Suisse'),
(33, 'Turquie'),
(34, 'Uruguay');

-- --------------------------------------------------------

--
-- Structure de la table `type_piste`
--

CREATE TABLE `type_piste` (
  `id` int(11) NOT NULL,
  `type` varchar(25) NOT NULL
) ENGINE=InnoDB DEFAULT CHARSET=latin1;

--
-- Contenu de la table `type_piste`
--

INSERT INTO `type_piste` (`id`, `type`) VALUES
(0, ''),
(1, 'Cendrée / Machefer'),
(2, 'Dur'),
(3, 'Gazon'),
(4, 'Herbe'),
(5, 'Mâchefer'),
(6, 'Neige'),
(7, 'Pouzzolane'),
(8, 'Sable'),
(9, 'Sable fibré'),
(10, 'Sable rose'),
(11, 'Dirt'),
(12, 'Droite'),
(13, 'Gauche');

--
-- Index pour les tables exportées
--

--
-- Index pour la table `cachedate`
--
ALTER TABLE `cachedate`
  ADD PRIMARY KEY (`id`),
  ADD KEY `numcourse` (`numcourse`),
  ADD KEY `jour` (`jour`),
  ADD KEY `dist` (`dist`),
  ADD KEY `comp` (`comp`),
  ADD KEY `entjou` (`entraineur`,`jour`) USING BTREE,
  ADD KEY `jocjou` (`jockey`,`jour`) USING BTREE,
  ADD KEY `chejour` (`cheval`,`jour`),
  ADD KEY `propjour` (`proprietaire`,`jour`),
  ADD KEY `cheval` (`cheval`);

--
-- Index pour la table `caractrap`
--
ALTER TABLE `caractrap`
  ADD PRIMARY KEY (`id`),
  ADD KEY `comp` (`comp`);

--
-- Index pour la table `hippo`
--
ALTER TABLE `hippo`
  ADD UNIQUE KEY `id_2` (`id`),
  ADD KEY `id` (`id`),
  ADD KEY `trot_piste` (`trot`),
  ADD KEY `obs_piste` (`obstacle`),
  ADD KEY `plat_piste` (`plat`),
  ADD KEY `corde_piste` (`corde`),
  ADD KEY `pays` (`pays`);

--
-- Index pour la table `pays`
--
ALTER TABLE `pays`
  ADD KEY `id` (`id`);

--
-- Index pour la table `type_piste`
--
ALTER TABLE `type_piste`
  ADD UNIQUE KEY `type` (`type`),
  ADD KEY `id` (`id`);

--
-- AUTO_INCREMENT pour les tables exportées
--

--
-- AUTO_INCREMENT pour la table `cachedate`
--
ALTER TABLE `cachedate`
  MODIFY `id` bigint(12) NOT NULL AUTO_INCREMENT;
--
-- AUTO_INCREMENT pour la table `caractrap`
--
ALTER TABLE `caractrap`
  MODIFY `id` bigint(11) NOT NULL AUTO_INCREMENT;
--
-- AUTO_INCREMENT pour la table `hippo`
--
ALTER TABLE `hippo`
  MODIFY `id` int(11) NOT NULL AUTO_INCREMENT;
--
-- AUTO_INCREMENT pour la table `pays`
--
ALTER TABLE `pays`
  MODIFY `id` int(11) NOT NULL AUTO_INCREMENT;
--
-- AUTO_INCREMENT pour la table `type_piste`
--
ALTER TABLE `type_piste`
  MODIFY `id` int(11) NOT NULL AUTO_INCREMENT;
--
-- Contraintes pour les tables exportées
--

--
-- Contraintes pour la table `hippo`
--
ALTER TABLE `hippo`
  ADD CONSTRAINT `corde_piste` FOREIGN KEY (`corde`) REFERENCES `type_piste` (`id`) ON DELETE NO ACTION ON UPDATE NO ACTION,
  ADD CONSTRAINT `obs_piste` FOREIGN KEY (`obstacle`) REFERENCES `type_piste` (`id`) ON DELETE CASCADE,
  ADD CONSTRAINT `pays` FOREIGN KEY (`pays`) REFERENCES `pays` (`id`) ON DELETE CASCADE,
  ADD CONSTRAINT `plat_piste` FOREIGN KEY (`plat`) REFERENCES `type_piste` (`id`) ON DELETE CASCADE,
  ADD CONSTRAINT `trot_piste` FOREIGN KEY (`trot`) REFERENCES `type_piste` (`id`) ON DELETE CASCADE;
